PRAGMA page_size = 1024;
BEGIN TRANSACTION;
CREATE TABLE departments (department_id INTEGER PRIMARY KEY, name TEXT NOT NULL UNIQUE, building TEXT NOT NULL);
CREATE TABLE students (student_id INTEGER PRIMARY KEY, roll_no TEXT NOT NULL UNIQUE, name TEXT NOT NULL, department_id INTEGER NOT NULL, admission_year INTEGER NOT NULL, email TEXT NOT NULL, FOREIGN KEY(department_id) REFERENCES departments(department_id));
CREATE TABLE enrollments (enrollment_id INTEGER PRIMARY KEY, student_id INTEGER NOT NULL, course TEXT NOT NULL, semester TEXT NOT NULL, grade TEXT NOT NULL, FOREIGN KEY(student_id) REFERENCES students(student_id));
INSERT INTO departments VALUES (1, 'Computer Science', 'Block A');
INSERT INTO departments VALUES (2, 'Information Systems', 'Block B');
INSERT INTO departments VALUES (3, 'Data Science', 'Block C');
INSERT INTO departments VALUES (4, 'Artificial Intelligence', 'Block D');
INSERT INTO departments VALUES (5, 'Cyber Security', 'Block E');
INSERT INTO departments VALUES (6, 'Software Engineering', 'Block F');
INSERT INTO students VALUES (1, '24BCS10108-001', 'Ananya', 2, 2020, 'ananya1@campus.edu');
INSERT INTO students VALUES (2, '24BCS10108-002', 'Bhavya', 3, 2021, 'bhavya2@campus.edu');
INSERT INTO students VALUES (3, '24BCS10108-003', 'Charan', 4, 2022, 'charan3@campus.edu');
INSERT INTO students VALUES (4, '24BCS10108-004', 'Deepak', 5, 2023, 'deepak4@campus.edu');
INSERT INTO students VALUES (5, '24BCS10108-005', 'Eesha', 6, 2020, 'eesha5@campus.edu');
INSERT INTO students VALUES (6, '24BCS10108-006', 'Faiza', 1, 2021, 'faiza6@campus.edu');
INSERT INTO students VALUES (7, '24BCS10108-007', 'Gaurav', 2, 2022, 'gaurav7@campus.edu');
INSERT INTO students VALUES (8, '24BCS10108-008', 'Harini', 3, 2023, 'harini8@campus.edu');
INSERT INTO students VALUES (9, '24BCS10108-009', 'Ishaan', 4, 2020, 'ishaan9@campus.edu');
INSERT INTO students VALUES (10, '24BCS10108-010', 'Jaya', 5, 2021, 'jaya10@campus.edu');
INSERT INTO students VALUES (11, '24BCS10108-011', 'Kavya', 6, 2022, 'kavya11@campus.edu');
INSERT INTO students VALUES (12, '24BCS10108-012', 'Lakshmi', 1, 2023, 'lakshmi12@campus.edu');
INSERT INTO students VALUES (13, '24BCS10108-013', 'Madhav', 2, 2020, 'madhav13@campus.edu');
INSERT INTO students VALUES (14, '24BCS10108-014', 'Nidhi', 3, 2021, 'nidhi14@campus.edu');
INSERT INTO students VALUES (15, '24BCS10108-015', 'Omkar', 4, 2022, 'omkar15@campus.edu');
INSERT INTO students VALUES (16, '24BCS10108-016', 'Priya', 5, 2023, 'priya16@campus.edu');
INSERT INTO students VALUES (17, '24BCS10108-017', 'Qasim', 6, 2020, 'qasim17@campus.edu');
INSERT INTO students VALUES (18, '24BCS10108-018', 'Rhea', 1, 2021, 'rhea18@campus.edu');
INSERT INTO students VALUES (19, '24BCS10108-019', 'Sanjay', 2, 2022, 'sanjay19@campus.edu');
INSERT INTO students VALUES (20, '24BCS10108-020', 'Tanvi', 3, 2023, 'tanvi20@campus.edu');
INSERT INTO students VALUES (21, '24BCS10108-021', 'Usha', 4, 2020, 'usha21@campus.edu');
INSERT INTO students VALUES (22, '24BCS10108-022', 'Vikram', 5, 2021, 'vikram22@campus.edu');
INSERT INTO students VALUES (23, '24BCS10108-023', 'Wesley', 6, 2022, 'wesley23@campus.edu');
INSERT INTO students VALUES (24, '24BCS10108-024', 'Xena', 1, 2023, 'xena24@campus.edu');
INSERT INTO students VALUES (25, '24BCS10108-025', 'Yash', 2, 2020, 'yash25@campus.edu');
INSERT INTO students VALUES (26, '24BCS10108-026', 'Zara', 3, 2021, 'zara26@campus.edu');
INSERT INTO students VALUES (27, '24BCS10108-027', 'Akash', 4, 2022, 'akash27@campus.edu');
INSERT INTO students VALUES (28, '24BCS10108-028', 'Bhuvan', 5, 2023, 'bhuvan28@campus.edu');
INSERT INTO students VALUES (29, '24BCS10108-029', 'Chitra', 6, 2020, 'chitra29@campus.edu');
INSERT INTO students VALUES (30, '24BCS10108-030', 'Divya', 1, 2021, 'divya30@campus.edu');
INSERT INTO students VALUES (31, '24BCS10108-031', 'Eshan', 2, 2022, 'eshan31@campus.edu');
INSERT INTO students VALUES (32, '24BCS10108-032', 'Farah', 3, 2023, 'farah32@campus.edu');
INSERT INTO students VALUES (33, '24BCS10108-033', 'Gita', 4, 2020, 'gita33@campus.edu');
INSERT INTO students VALUES (34, '24BCS10108-034', 'Hema', 5, 2021, 'hema34@campus.edu');
INSERT INTO students VALUES (35, '24BCS10108-035', 'Ira', 6, 2022, 'ira35@campus.edu');
INSERT INTO students VALUES (36, '24BCS10108-036', 'Jatin', 1, 2023, 'jatin36@campus.edu');
INSERT INTO students VALUES (37, '24BCS10108-037', 'Kiran', 2, 2020, 'kiran37@campus.edu');
INSERT INTO students VALUES (38, '24BCS10108-038', 'Lina', 3, 2021, 'lina38@campus.edu');
INSERT INTO students VALUES (39, '24BCS10108-039', 'Meera', 4, 2022, 'meera39@campus.edu');
INSERT INTO students VALUES (40, '24BCS10108-040', 'Naman', 5, 2023, 'naman40@campus.edu');
INSERT INTO students VALUES (41, '24BCS10108-041', 'Ojas', 6, 2020, 'ojas41@campus.edu');
INSERT INTO students VALUES (42, '24BCS10108-042', 'Pooja', 1, 2021, 'pooja42@campus.edu');
INSERT INTO students VALUES (43, '24BCS10108-043', 'Rajat', 2, 2022, 'rajat43@campus.edu');
INSERT INTO students VALUES (44, '24BCS10108-044', 'Sana', 3, 2023, 'sana44@campus.edu');
INSERT INTO students VALUES (45, '24BCS10108-045', 'Tarun', 4, 2020, 'tarun45@campus.edu');
INSERT INTO students VALUES (46, '24BCS10108-046', 'Uma', 5, 2021, 'uma46@campus.edu');
INSERT INTO students VALUES (47, '24BCS10108-047', 'Varun', 6, 2022, 'varun47@campus.edu');
INSERT INTO students VALUES (48, '24BCS10108-048', 'Yamini', 1, 2023, 'yamini48@campus.edu');
INSERT INTO students VALUES (49, '24BCS10108-049', 'Zubin', 2, 2020, 'zubin49@campus.edu');
INSERT INTO students VALUES (50, '24BCS10108-050', 'Amrita', 3, 2021, 'amrita50@campus.edu');
INSERT INTO students VALUES (51, '24BCS10108-051', 'Bikram', 4, 2022, 'bikram51@campus.edu');
INSERT INTO students VALUES (52, '24BCS10108-052', 'Chetan', 5, 2023, 'chetan52@campus.edu');
INSERT INTO students VALUES (53, '24BCS10108-053', 'Dia', 6, 2020, 'dia53@campus.edu');
INSERT INTO students VALUES (54, '24BCS10108-054', 'Esha', 1, 2021, 'esha54@campus.edu');
INSERT INTO students VALUES (55, '24BCS10108-055', 'Finn', 2, 2022, 'finn55@campus.edu');
INSERT INTO students VALUES (56, '24BCS10108-056', 'Gopi', 3, 2023, 'gopi56@campus.edu');
INSERT INTO students VALUES (57, '24BCS10108-057', 'Hans', 4, 2020, 'hans57@campus.edu');
INSERT INTO students VALUES (58, '24BCS10108-058', 'Ina', 5, 2021, 'ina58@campus.edu');
INSERT INTO students VALUES (59, '24BCS10108-059', 'Jatin', 6, 2022, 'jatin59@campus.edu');
INSERT INTO students VALUES (60, '24BCS10108-060', 'Kiran', 1, 2023, 'kiran60@campus.edu');
INSERT INTO students VALUES (61, '24BCS10108-061', 'Lalit', 2, 2020, 'lalit61@campus.edu');
INSERT INTO students VALUES (62, '24BCS10108-062', 'Mira', 3, 2021, 'mira62@campus.edu');
INSERT INTO students VALUES (63, '24BCS10108-063', 'Neil', 4, 2022, 'neil63@campus.edu');
INSERT INTO students VALUES (64, '24BCS10108-064', 'Omar', 5, 2023, 'omar64@campus.edu');
INSERT INTO students VALUES (65, '24BCS10108-065', 'Parth', 6, 2020, 'parth65@campus.edu');
INSERT INTO students VALUES (66, '24BCS10108-066', 'Ria', 1, 2021, 'ria66@campus.edu');
INSERT INTO students VALUES (67, '24BCS10108-067', 'Sahil', 2, 2022, 'sahil67@campus.edu');
INSERT INTO students VALUES (68, '24BCS10108-068', 'Tanya', 3, 2023, 'tanya68@campus.edu');
INSERT INTO students VALUES (69, '24BCS10108-069', 'Uday', 4, 2020, 'uday69@campus.edu');
INSERT INTO students VALUES (70, '24BCS10108-070', 'Veda', 5, 2021, 'veda70@campus.edu');
INSERT INTO students VALUES (71, '24BCS10108-071', 'Wahid', 6, 2022, 'wahid71@campus.edu');
INSERT INTO students VALUES (72, '24BCS10108-072', 'Xavier', 1, 2023, 'xavier72@campus.edu');
INSERT INTO students VALUES (73, '24BCS10108-073', 'Yogesh', 2, 2020, 'yogesh73@campus.edu');
INSERT INTO students VALUES (74, '24BCS10108-074', 'Zoya', 3, 2021, 'zoya74@campus.edu');
INSERT INTO students VALUES (75, '24BCS10108-075', 'Adil', 4, 2022, 'adil75@campus.edu');
INSERT INTO students VALUES (76, '24BCS10108-076', 'Brinda', 5, 2023, 'brinda76@campus.edu');
INSERT INTO students VALUES (77, '24BCS10108-077', 'Chand', 6, 2020, 'chand77@campus.edu');
INSERT INTO students VALUES (78, '24BCS10108-078', 'Devi', 1, 2021, 'devi78@campus.edu');
INSERT INTO students VALUES (79, '24BCS10108-079', 'Eli', 2, 2022, 'eli79@campus.edu');
INSERT INTO students VALUES (80, '24BCS10108-080', 'Fiza', 3, 2023, 'fiza80@campus.edu');
INSERT INTO students VALUES (81, '24BCS10108-081', 'Girish', 4, 2020, 'girish81@campus.edu');
INSERT INTO students VALUES (82, '24BCS10108-082', 'Hema', 5, 2021, 'hema82@campus.edu');
INSERT INTO students VALUES (83, '24BCS10108-083', 'Iqbal', 6, 2022, 'iqbal83@campus.edu');
INSERT INTO students VALUES (84, '24BCS10108-084', 'Juhi', 1, 2023, 'juhi84@campus.edu');
INSERT INTO students VALUES (85, '24BCS10108-085', 'Kamal', 2, 2020, 'kamal85@campus.edu');
INSERT INTO students VALUES (86, '24BCS10108-086', 'Lata', 3, 2021, 'lata86@campus.edu');
INSERT INTO students VALUES (87, '24BCS10108-087', 'Manav', 4, 2022, 'manav87@campus.edu');
INSERT INTO students VALUES (88, '24BCS10108-088', 'Naveen', 5, 2023, 'naveen88@campus.edu');
INSERT INTO students VALUES (89, '24BCS10108-089', 'Priti', 6, 2020, 'priti89@campus.edu');
INSERT INTO students VALUES (90, '24BCS10108-090', 'Rohan', 1, 2021, 'rohan90@campus.edu');
INSERT INTO students VALUES (91, '24BCS10108-091', 'Simran', 2, 2022, 'simran91@campus.edu');
INSERT INTO students VALUES (92, '24BCS10108-092', 'Taru', 3, 2023, 'taru92@campus.edu');
INSERT INTO students VALUES (93, '24BCS10108-093', 'Ujala', 4, 2020, 'ujala93@campus.edu');
INSERT INTO students VALUES (94, '24BCS10108-094', 'Veer', 5, 2021, 'veer94@campus.edu');
INSERT INTO students VALUES (95, '24BCS10108-095', 'Wisha', 6, 2022, 'wisha95@campus.edu');
INSERT INTO students VALUES (96, '24BCS10108-096', 'Xyla', 1, 2023, 'xyla96@campus.edu');
INSERT INTO students VALUES (97, '24BCS10108-097', 'Yusuf', 2, 2020, 'yusuf97@campus.edu');
INSERT INTO students VALUES (98, '24BCS10108-098', 'Zeenat', 3, 2021, 'zeenat98@campus.edu');
INSERT INTO students VALUES (99, '24BCS10108-099', 'Aman', 4, 2022, 'aman99@campus.edu');
INSERT INTO students VALUES (100, '24BCS10108-100', 'Bina', 5, 2023, 'bina100@campus.edu');
INSERT INTO enrollments VALUES (1, 1, 'CS101', 'Fall 2024', 'A');
INSERT INTO enrollments VALUES (2, 2, 'CS102', 'Fall 2024', 'B');
INSERT INTO enrollments VALUES (3, 3, 'DS201', 'Fall 2024', 'A-');
INSERT INTO enrollments VALUES (4, 4, 'AI202', 'Fall 2024', 'B+');
INSERT INTO enrollments VALUES (5, 5, 'CY301', 'Fall 2024', 'C+');
INSERT INTO enrollments VALUES (6, 6, 'SE302', 'Fall 2024', 'A');
INSERT INTO enrollments VALUES (7, 7, 'DB210', 'Fall 2024', 'B-');
INSERT INTO enrollments VALUES (8, 8, 'ML310', 'Fall 2024', 'A');
INSERT INTO enrollments VALUES (9, 9, 'CS101', 'Fall 2024', 'B');
INSERT INTO enrollments VALUES (10, 10, 'CS102', 'Fall 2024', 'A-');
INSERT INTO enrollments VALUES (11, 11, 'DS201', 'Fall 2024', 'B+');
INSERT INTO enrollments VALUES (12, 12, 'AI202', 'Fall 2024', 'C+');
INSERT INTO enrollments VALUES (13, 13, 'CY301', 'Fall 2024', 'A');
INSERT INTO enrollments VALUES (14, 14, 'SE302', 'Fall 2024', 'B-');
INSERT INTO enrollments VALUES (15, 15, 'DB210', 'Fall 2024', 'A');
INSERT INTO enrollments VALUES (16, 16, 'ML310', 'Fall 2024', 'B');
INSERT INTO enrollments VALUES (17, 17, 'CS101', 'Fall 2024', 'A-');
INSERT INTO enrollments VALUES (18, 18, 'CS102', 'Fall 2024', 'B+');
INSERT INTO enrollments VALUES (19, 19, 'DS201', 'Fall 2024', 'C+');
INSERT INTO enrollments VALUES (20, 20, 'AI202', 'Fall 2024', 'A');
INSERT INTO enrollments VALUES (21, 21, 'CY301', 'Fall 2024', 'B-');
INSERT INTO enrollments VALUES (22, 22, 'SE302', 'Fall 2024', 'A');
INSERT INTO enrollments VALUES (23, 23, 'DB210', 'Fall 2024', 'B');
INSERT INTO enrollments VALUES (24, 24, 'ML310', 'Fall 2024', 'A-');
INSERT INTO enrollments VALUES (25, 25, 'CS101', 'Fall 2024', 'B+');
INSERT INTO enrollments VALUES (26, 26, 'CS102', 'Fall 2024', 'C+');
INSERT INTO enrollments VALUES (27, 27, 'DS201', 'Fall 2024', 'A');
INSERT INTO enrollments VALUES (28, 28, 'AI202', 'Fall 2024', 'B-');
INSERT INTO enrollments VALUES (29, 29, 'CY301', 'Fall 2024', 'A');
INSERT INTO enrollments VALUES (30, 30, 'SE302', 'Fall 2024', 'B');
INSERT INTO enrollments VALUES (31, 31, 'DB210', 'Spring 2025', 'A-');
INSERT INTO enrollments VALUES (32, 32, 'ML310', 'Spring 2025', 'B+');
INSERT INTO enrollments VALUES (33, 33, 'CS101', 'Spring 2025', 'C+');
INSERT INTO enrollments VALUES (34, 34, 'CS102', 'Spring 2025', 'A');
INSERT INTO enrollments VALUES (35, 35, 'DS201', 'Spring 2025', 'B-');
INSERT INTO enrollments VALUES (36, 36, 'AI202', 'Spring 2025', 'A');
INSERT INTO enrollments VALUES (37, 37, 'CY301', 'Spring 2025', 'B');
INSERT INTO enrollments VALUES (38, 38, 'SE302', 'Spring 2025', 'A-');
INSERT INTO enrollments VALUES (39, 39, 'DB210', 'Spring 2025', 'B+');
INSERT INTO enrollments VALUES (40, 40, 'ML310', 'Spring 2025', 'C+');
INSERT INTO enrollments VALUES (41, 41, 'CS101', 'Spring 2025', 'A');
INSERT INTO enrollments VALUES (42, 42, 'CS102', 'Spring 2025', 'B-');
INSERT INTO enrollments VALUES (43, 43, 'DS201', 'Spring 2025', 'A');
INSERT INTO enrollments VALUES (44, 44, 'AI202', 'Spring 2025', 'B');
INSERT INTO enrollments VALUES (45, 45, 'CY301', 'Spring 2025', 'A-');
INSERT INTO enrollments VALUES (46, 46, 'SE302', 'Spring 2025', 'B+');
INSERT INTO enrollments VALUES (47, 47, 'DB210', 'Spring 2025', 'C+');
INSERT INTO enrollments VALUES (48, 48, 'ML310', 'Spring 2025', 'A');
INSERT INTO enrollments VALUES (49, 49, 'CS101', 'Spring 2025', 'B-');
INSERT INTO enrollments VALUES (50, 50, 'CS102', 'Spring 2025', 'A');
INSERT INTO enrollments VALUES (51, 51, 'DS201', 'Spring 2025', 'B');
INSERT INTO enrollments VALUES (52, 52, 'AI202', 'Spring 2025', 'A-');
INSERT INTO enrollments VALUES (53, 53, 'CY301', 'Spring 2025', 'B+');
INSERT INTO enrollments VALUES (54, 54, 'SE302', 'Spring 2025', 'C+');
INSERT INTO enrollments VALUES (55, 55, 'DB210', 'Spring 2025', 'A');
INSERT INTO enrollments VALUES (56, 56, 'ML310', 'Spring 2025', 'B-');
INSERT INTO enrollments VALUES (57, 57, 'CS101', 'Spring 2025', 'A');
INSERT INTO enrollments VALUES (58, 58, 'CS102', 'Spring 2025', 'B');
INSERT INTO enrollments VALUES (59, 59, 'DS201', 'Spring 2025', 'A-');
INSERT INTO enrollments VALUES (60, 60, 'AI202', 'Spring 2025', 'B+');
INSERT INTO enrollments VALUES (61, 61, 'CY301', 'Summer 2025', 'C+');
INSERT INTO enrollments VALUES (62, 62, 'SE302', 'Summer 2025', 'A');
INSERT INTO enrollments VALUES (63, 63, 'DB210', 'Summer 2025', 'B-');
INSERT INTO enrollments VALUES (64, 64, 'ML310', 'Summer 2025', 'A');
INSERT INTO enrollments VALUES (65, 65, 'CS101', 'Summer 2025', 'B');
INSERT INTO enrollments VALUES (66, 66, 'CS102', 'Summer 2025', 'A-');
INSERT INTO enrollments VALUES (67, 67, 'DS201', 'Summer 2025', 'B+');
INSERT INTO enrollments VALUES (68, 68, 'AI202', 'Summer 2025', 'C+');
INSERT INTO enrollments VALUES (69, 69, 'CY301', 'Summer 2025', 'A');
INSERT INTO enrollments VALUES (70, 70, 'SE302', 'Summer 2025', 'B-');
INSERT INTO enrollments VALUES (71, 71, 'DB210', 'Summer 2025', 'A');
INSERT INTO enrollments VALUES (72, 72, 'ML310', 'Summer 2025', 'B');
INSERT INTO enrollments VALUES (73, 73, 'CS101', 'Summer 2025', 'A-');
INSERT INTO enrollments VALUES (74, 74, 'CS102', 'Summer 2025', 'B+');
INSERT INTO enrollments VALUES (75, 75, 'DS201', 'Summer 2025', 'C+');
INSERT INTO enrollments VALUES (76, 76, 'AI202', 'Summer 2025', 'A');
INSERT INTO enrollments VALUES (77, 77, 'CY301', 'Summer 2025', 'B-');
INSERT INTO enrollments VALUES (78, 78, 'SE302', 'Summer 2025', 'A');
INSERT INTO enrollments VALUES (79, 79, 'DB210', 'Summer 2025', 'B');
INSERT INTO enrollments VALUES (80, 80, 'ML310', 'Summer 2025', 'A-');
INSERT INTO enrollments VALUES (81, 81, 'CS101', 'Summer 2025', 'B+');
INSERT INTO enrollments VALUES (82, 82, 'CS102', 'Summer 2025', 'C+');
INSERT INTO enrollments VALUES (83, 83, 'DS201', 'Summer 2025', 'A');
INSERT INTO enrollments VALUES (84, 84, 'AI202', 'Summer 2025', 'B-');
INSERT INTO enrollments VALUES (85, 85, 'CY301', 'Summer 2025', 'A');
INSERT INTO enrollments VALUES (86, 86, 'SE302', 'Summer 2025', 'B');
INSERT INTO enrollments VALUES (87, 87, 'DB210', 'Summer 2025', 'A-');
INSERT INTO enrollments VALUES (88, 88, 'ML310', 'Summer 2025', 'B+');
INSERT INTO enrollments VALUES (89, 89, 'CS101', 'Summer 2025', 'C+');
INSERT INTO enrollments VALUES (90, 90, 'CS102', 'Summer 2025', 'A');
INSERT INTO enrollments VALUES (91, 91, 'DS201', 'Fall 2024', 'B-');
INSERT INTO enrollments VALUES (92, 92, 'AI202', 'Fall 2024', 'A');
INSERT INTO enrollments VALUES (93, 93, 'CY301', 'Fall 2024', 'B');
INSERT INTO enrollments VALUES (94, 94, 'SE302', 'Fall 2024', 'A-');
INSERT INTO enrollments VALUES (95, 95, 'DB210', 'Fall 2024', 'B+');
INSERT INTO enrollments VALUES (96, 96, 'ML310', 'Fall 2024', 'C+');
INSERT INTO enrollments VALUES (97, 97, 'CS101', 'Fall 2024', 'A');
INSERT INTO enrollments VALUES (98, 98, 'CS102', 'Fall 2024', 'B-');
INSERT INTO enrollments VALUES (99, 99, 'DS201', 'Fall 2024', 'A');
INSERT INTO enrollments VALUES (100, 100, 'AI202', 'Fall 2024', 'B');
INSERT INTO enrollments VALUES (101, 1, 'CY301', 'Fall 2024', 'A-');
INSERT INTO enrollments VALUES (102, 2, 'SE302', 'Fall 2024', 'B+');
INSERT INTO enrollments VALUES (103, 3, 'DB210', 'Fall 2024', 'C+');
INSERT INTO enrollments VALUES (104, 4, 'ML310', 'Fall 2024', 'A');
INSERT INTO enrollments VALUES (105, 5, 'CS101', 'Fall 2024', 'B-');
INSERT INTO enrollments VALUES (106, 6, 'CS102', 'Fall 2024', 'A');
INSERT INTO enrollments VALUES (107, 7, 'DS201', 'Fall 2024', 'B');
INSERT INTO enrollments VALUES (108, 8, 'AI202', 'Fall 2024', 'A-');
INSERT INTO enrollments VALUES (109, 9, 'CY301', 'Fall 2024', 'B+');
INSERT INTO enrollments VALUES (110, 10, 'SE302', 'Fall 2024', 'C+');
INSERT INTO enrollments VALUES (111, 11, 'DB210', 'Fall 2024', 'A');
INSERT INTO enrollments VALUES (112, 12, 'ML310', 'Fall 2024', 'B-');
INSERT INTO enrollments VALUES (113, 13, 'CS101', 'Fall 2024', 'A');
INSERT INTO enrollments VALUES (114, 14, 'CS102', 'Fall 2024', 'B');
INSERT INTO enrollments VALUES (115, 15, 'DS201', 'Fall 2024', 'A-');
INSERT INTO enrollments VALUES (116, 16, 'AI202', 'Fall 2024', 'B+');
INSERT INTO enrollments VALUES (117, 17, 'CY301', 'Fall 2024', 'C+');
INSERT INTO enrollments VALUES (118, 18, 'SE302', 'Fall 2024', 'A');
INSERT INTO enrollments VALUES (119, 19, 'DB210', 'Fall 2024', 'B-');
INSERT INTO enrollments VALUES (120, 20, 'ML310', 'Fall 2024', 'A');
INSERT INTO enrollments VALUES (121, 21, 'CS101', 'Spring 2025', 'B');
INSERT INTO enrollments VALUES (122, 22, 'CS102', 'Spring 2025', 'A-');
INSERT INTO enrollments VALUES (123, 23, 'DS201', 'Spring 2025', 'B+');
INSERT INTO enrollments VALUES (124, 24, 'AI202', 'Spring 2025', 'C+');
INSERT INTO enrollments VALUES (125, 25, 'CY301', 'Spring 2025', 'A');
INSERT INTO enrollments VALUES (126, 26, 'SE302', 'Spring 2025', 'B-');
INSERT INTO enrollments VALUES (127, 27, 'DB210', 'Spring 2025', 'A');
INSERT INTO enrollments VALUES (128, 28, 'ML310', 'Spring 2025', 'B');
INSERT INTO enrollments VALUES (129, 29, 'CS101', 'Spring 2025', 'A-');
INSERT INTO enrollments VALUES (130, 30, 'CS102', 'Spring 2025', 'B+');
INSERT INTO enrollments VALUES (131, 31, 'DS201', 'Spring 2025', 'C+');
INSERT INTO enrollments VALUES (132, 32, 'AI202', 'Spring 2025', 'A');
INSERT INTO enrollments VALUES (133, 33, 'CY301', 'Spring 2025', 'B-');
INSERT INTO enrollments VALUES (134, 34, 'SE302', 'Spring 2025', 'A');
INSERT INTO enrollments VALUES (135, 35, 'DB210', 'Spring 2025', 'B');
INSERT INTO enrollments VALUES (136, 36, 'ML310', 'Spring 2025', 'A-');
INSERT INTO enrollments VALUES (137, 37, 'CS101', 'Spring 2025', 'B+');
INSERT INTO enrollments VALUES (138, 38, 'CS102', 'Spring 2025', 'C+');
INSERT INTO enrollments VALUES (139, 39, 'DS201', 'Spring 2025', 'A');
INSERT INTO enrollments VALUES (140, 40, 'AI202', 'Spring 2025', 'B-');
INSERT INTO enrollments VALUES (141, 41, 'CY301', 'Spring 2025', 'A');
INSERT INTO enrollments VALUES (142, 42, 'SE302', 'Spring 2025', 'B');
INSERT INTO enrollments VALUES (143, 43, 'DB210', 'Spring 2025', 'A-');
INSERT INTO enrollments VALUES (144, 44, 'ML310', 'Spring 2025', 'B+');
INSERT INTO enrollments VALUES (145, 45, 'CS101', 'Spring 2025', 'C+');
INSERT INTO enrollments VALUES (146, 46, 'CS102', 'Spring 2025', 'A');
INSERT INTO enrollments VALUES (147, 47, 'DS201', 'Spring 2025', 'B-');
INSERT INTO enrollments VALUES (148, 48, 'AI202', 'Spring 2025', 'A');
INSERT INTO enrollments VALUES (149, 49, 'CY301', 'Spring 2025', 'B');
INSERT INTO enrollments VALUES (150, 50, 'SE302', 'Spring 2025', 'A-');
INSERT INTO enrollments VALUES (151, 51, 'DB210', 'Summer 2025', 'B+');
INSERT INTO enrollments VALUES (152, 52, 'ML310', 'Summer 2025', 'C+');
INSERT INTO enrollments VALUES (153, 53, 'CS101', 'Summer 2025', 'A');
INSERT INTO enrollments VALUES (154, 54, 'CS102', 'Summer 2025', 'B-');
INSERT INTO enrollments VALUES (155, 55, 'DS201', 'Summer 2025', 'A');
INSERT INTO enrollments VALUES (156, 56, 'AI202', 'Summer 2025', 'B');
INSERT INTO enrollments VALUES (157, 57, 'CY301', 'Summer 2025', 'A-');
INSERT INTO enrollments VALUES (158, 58, 'SE302', 'Summer 2025', 'B+');
INSERT INTO enrollments VALUES (159, 59, 'DB210', 'Summer 2025', 'C+');
INSERT INTO enrollments VALUES (160, 60, 'ML310', 'Summer 2025', 'A');
CREATE INDEX idx_students_roll_no ON students(roll_no);
CREATE INDEX idx_enrollments_student_id ON enrollments(student_id);
COMMIT;
VACUUM;
